Workbook

Sheet Instructions
A1: RISK REGISTER - BULK UPLOAD TEMPLATE
A3: Legend | B3: Yellow cells with blue text = you fill these. Grey cells = automatic, do not edit.
A4: Where to type | B4: Only on the 'Risk_Register' sheet, from row 2 down. Row 1 is the header - do not change or move it.
A5: One row = one risk | B5: Do not merge cells. Do not leave blank rows between risks.
A7: CONTROL REFERENCE (most important)
A8: Format | B8: FRAMEWORK:CODE - several controls separated by a semicolon ; Example: ISO27001:A.5.15; ISO27001:A.8.2; SOC2:CC5.1
A9: Where to copy from | B9: 'Control_Reference' sheet, column C ('Paste THIS into Control Reference'). Copy it exactly - do not retype, do not add spaces inside a code.
A10: Frameworks vs Risk Type | B10: Pick controls from frameworks that match the Risk Type (see 'Use for Risk Type' column). Security -> ISO27001/SOC2, Privacy -> ISO27701/GDPR/KSA_PDPL, Artificial Intelligence -> ISO42001.
A11: Do NOT list mapped controls | B11: Cross-framework mapped controls are added automatically on import, exactly like the Treatment Plan screen. List only the controls you choose directly.
A12: Why the framework prefix | B12: The same code (e.g. 4.1, 5.1, 9.2.1) exists in several frameworks, so the prefix tells the system which one you mean.
A13: Check column | B13: 'Control Check' shows 'Format OK' when the pattern is valid. 'Format OK' does not prove the code exists - the upload will still validate every code and report errors per row.
A15: OTHER COLUMNS
A16: Risk Type | B16: Security, Privacy or Artificial Intelligence. For more than one, separate with a comma.
A17: Asset Type -> CIA | B17: If you leave C / I / A blank they are filled from Asset Type: Public 1/1/1, Private 2/2/2, Sensitive 3/3/2, Confidential 3/3/3.
A18: Calculated by the system | B18: Impact = highest of C/I/A. Risk Score = Impact x Likelihood. Level: 1-3 Low, 4-8 Medium, 9-12 High, above 12 Critical. Residual score = Impact After Treatment x Likelihood After Treatment. Deadline = Date + Number of Days. Do not enter these.
A19: Likelihood scale | B19: 1 Unlikely, 2 Possible, 3 Likely, 4 Almost Certain.
A20: Impact After Treatment scale | B20: 1 Low, 2 Medium, 3 High.
A21: Date | B21: YYYY-MM-DD.
A22: Department | B22: Must match a department name that exists in your organisation exactly.
A23: * = required | B23: Rows missing a required field, or containing an unknown control code, are rejected with the row number and the reason; valid rows can still be imported.

Sheet Risk_Register
A1: Risk ID (optional - leave blank to auto-generate) | B1: Department * (exact name as in the tool) | C1: Date * (YYYY-MM-DD) | D1: Risk Type * (Security / Privacy / Artificial Intelligence) | E1: Asset Type * | F1: Asset * | G1: Threat | H1: Vulnerability (comma-separated) | I1: Risk Description * | J1: Confidentiality (1-3) (blank = from Asset Type) | K1: Integrity (1-3) (blank = from Asset Type) | L1: Availability (1-3) (blank = from Asset Type) | M1: Likelihood * (1-4) | N1: Existing Controls | O1: Control Reference * (FRAMEWORK:CODE ; FRAMEWORK:CODE) See Control_Reference sheet | P1: Additional Controls * | Q1: Number of Days * (to implement treatment) | R1: Likelihood After Treatment (1-4) | S1: Impact After Treatment (1-3) | T1: Control Check (auto - do not edit)
T2: =IF(O2="","",IF(LEN(O2)-LEN(SUBSTITUTE(O2,":",""))<>LEN(O2)-LEN(SUBSTITUTE(O2,";",""))+1,"FIX: use FRAMEWORK:CODE; FRAMEWORK:CODE",IF(ISNUMBER(MATCH(TRIM(LEFT(O2,FIND(":",O2)-1)),Lists!$H$2:$H$7,0)),"Format OK","FIX: unknown framework prefix")))
T3: =IF(O3="","",IF(LEN(O3)-LEN(SUBSTITUTE(O3,":",""))<>LEN(O3)-LEN(SUBSTITUTE(O3,";",""))+1,"FIX: use FRAMEWORK:CODE; FRAMEWORK:CODE",IF(ISNUMBER(MATCH(TRIM(LEFT(O3,FIND(":",O3)-1)),Lists!$H$2:$H$7,0)),"Format OK","FIX: unknown framework prefix")))
T4: =IF(O4="","",IF(LEN(O4)-LEN(SUBSTITUTE(O4,":",""))<>LEN(O4)-LEN(SUBSTITUTE(O4,";",""))+1,"FIX: use FRAMEWORK:CODE; FRAMEWORK:CODE",IF(ISNUMBER(MATCH(TRIM(LEFT(O4,FIND(":",O4)-1)),Lists!$H$2:$H$7,0)),"Format OK","FIX: unknown framework prefix")))
T5: =IF(O5="","",IF(LEN(O5)-LEN(SUBSTITUTE(O5,":",""))<>LEN(O5)-LEN(SUBSTITUTE(O5,";",""))+1,"FIX: use FRAMEWORK:CODE; FRAMEWORK:CODE",IF(ISNUMBER(MATCH(TRIM(LEFT(O5,FIND(":",O5)-1)),Lists!$H$2:$H$7,0)),"Format OK","FIX: unknown framework prefix")))
T6: =IF(O6="","",IF(LEN(O6)-LEN(SUBSTITUTE(O6,":",""))<>LEN(O6)-LEN(SUBSTITUTE(O6,";",""))+1,"FIX: use FRAMEWORK:CODE; FRAMEWORK:CODE",IF(ISNUMBER(MATCH(TRIM(LEFT(O6,FIND(":",O6)-1)),Lists!$H$2:$H$7,0)),"Format OK","FIX: unknown framework prefix")))
T7: =IF(O7="","",IF(LEN(O7)-LEN(SUBSTITUTE(O7,":",""))<>LEN(O7)-LEN(SUBSTITUTE(O7,";",""))+1,"FIX: use FRAMEWORK:CODE; FRAMEWORK:CODE",IF(ISNUMBER(MATCH(TRIM(LEFT(O7,FIND(":",O7)-1)),Lists!$H$2:$H$7,0)),"Format OK","FIX: unknown framework prefix")))
T8: =IF(O8="","",IF(LEN(O8)-LEN(SUBSTITUTE(O8,":",""))<>LEN(O8)-LEN(SUBSTITUTE(O8,";",""))+1,"FIX: use FRAMEWORK:CODE; FRAMEWORK:CODE",IF(ISNUMBER(MATCH(TRIM(LEFT(O8,FIND(":",O8)-1)),Lists!$H$2:$H$7,0)),"Format OK","FIX: unknown framework prefix")))
T9: =IF(O9="","",IF(LEN(O9)-LEN(SUBSTITUTE(O9,":",""))<>LEN(O9)-LEN(SUBSTITUTE(O9,";",""))+1,"FIX: use FRAMEWORK:CODE; FRAMEWORK:CODE",IF(ISNUMBER(MATCH(TRIM(LEFT(O9,FIND(":",O9)-1)),Lists!$H$2:$H$7,0)),"Format OK","FIX: unknown framework prefix")))
T10: =IF(O10="","",IF(LEN(O10)-LEN(SUBSTITUTE(O10,":",""))<>LEN(O10)-LEN(SUBSTITUTE(O10,";",""))+1,"FIX: use FRAMEWORK:CODE; FRAMEWORK:CODE",IF(ISNUMBER(MATCH(TRIM(LEFT(O10,FIND(":",O10)-1)),Lists!$H$2:$H$7,0)),"Format OK","FIX: unknown framework prefix")))
T11: =IF(O11="","",IF(LEN(O11)-LEN(SUBSTITUTE(O11,":",""))<>LEN(O11)-LEN(SUBSTITUTE(O11,";",""))+1,"FIX: use FRAMEWORK:CODE; FRAMEWORK:CODE",IF(ISNUMBER(MATCH(TRIM(LEFT(O11,FIND(":",O11)-1)),Lists!$H$2:$H$7,0)),"Format OK","FIX: unknown framework prefix")))
T12: =IF(O12="","",IF(LEN(O12)-LEN(SUBSTITUTE(O12,":",""))<>LEN(O12)-LEN(SUBSTITUTE(O12,";",""))+1,"FIX: use FRAMEWORK:CODE; FRAMEWORK:CODE",IF(ISNUMBER(MATCH(TRIM(LEFT(O12,FIND(":",O12)-1)),Lists!$H$2:$H$7,0)),"Format OK","FIX: unknown framework prefix")))
T13: =IF(O13="","",IF(LEN(O13)-LEN(SUBSTITUTE(O13,":",""))<>LEN(O13)-LEN(SUBSTITUTE(O13,";",""))+1,"FIX: use FRAMEWORK:CODE; FRAMEWORK:CODE",IF(ISNUMBER(MATCH(TRIM(LEFT(O13,FIND(":",O13)-1)),Lists!$H$2:$H$7,0)),"Format OK","FIX: unknown framework prefix")))
... T501: =IF(O501="","",IF(LEN(O501)-LEN(SUBSTITUTE(O501,":",""))<>LEN(O501)-LEN(SUBSTITUTE(O501,";",""))+1,"FIX: use FRAMEWORK:CODE; FRAMEWORK:CODE",IF(ISNUMBER(MATCH(TRIM(LEFT(O501,FIND(":",O501)-1)),Lists!$H$2:$H$7,0)),"Format OK","FIX: unknown framework prefix")))

Sheet Lists
A1: Risk Type | B1: Asset Type | C1: Threat | D1: Vulnerability | E1: CIA (1-3) | F1: Likelihood (1-4) | G1: Impact After Treatment (1-3) | H1: Framework Codes
A2: Security | B2: Public | C2: Phishing Attack | D2: Weak Email Filters | E2: 1 | F2: 1 | G2: 1 | H2: GDPR
A3: Privacy | B3: Private | C3: Malware Infection | D3: Lack of User Awareness | E3: 2 | F3: 2 | G3: 2 | H3: ISO27001
A4: Artificial Intelligence | B4: Sensitive | C4: Insider Threat | D4: Outdated Antivirus | E4: 3 | F4: 3 | G4: 3 | H4: ISO27701
B5: Confidential | C5: Others | D5: Unpatched Software | F5: 4 | H5: ISO42001
D6: Weak Access Controls | H6: KSA_PDPL
D7: Excessive Privileges | H7: SOC2
D8: Others

Sheet Control_Reference
A1: Framework | B1: Control Code | C1: Paste THIS into Control Reference | D1: Control Title | E1: Section / Category | F1: Use for Risk Type | G1: Policy documents this control creates in MLD
A2: GDPR | B2: Article-1 | C2: GDPR:Article-1 | D2: Subject-matter and objectives | E2: General Provisions | F2: Privacy | G2: Data Protection Policy
A3: GDPR | B3: Article-2 | C3: GDPR:Article-2 | D3: Material scope | E3: General Provisions | F3: Privacy | G3: Data Protection Policy
A4: GDPR | B4: Article-3 | C4: GDPR:Article-3 | D4: Territorial scope | E4: General Provisions | F4: Privacy | G4: Data Protection Policy
A5: GDPR | B5: Article-4 | C5: GDPR:Article-4 | D5: Definitions | E5: General Provisions | F5: Privacy | G5: GDPR Manual / Data Protection Policy
A6: GDPR | B6: Article-5(1)(a) | C6: GDPR:Article-5(1)(a) | D6: Lawfulness, fairness and transparency | E6: Principles | F6: Privacy | G6: Lawful Basis Register; Privacy Notice
A7: GDPR | B7: Article-5(1)(b) | C7: GDPR:Article-5(1)(b) | D7: Purpose limitation | E7: Principles | F7: Privacy | G7: Record of Processing Activities (RoPA)
A8: GDPR | B8: Article-5(1)(c) | C8: GDPR:Article-5(1)(c) | D8: Data minimisation | E8: Principles | F8: Privacy | G8: Data Minimisation Policy
A9: GDPR | B9: Article-5(1)(d) | C9: GDPR:Article-5(1)(d) | D9: Accuracy | E9: Principles | F9: Privacy | G9: Data Accuracy and Correction Procedure
A10: GDPR | B10: Article-5(1)(e) | C10: GDPR:Article-5(1)(e) | D10: Storage limitation | E10: Principles | F10: Privacy | G10: Data Retention and Deletion Policy
A11: GDPR | B11: Article-5(1)(f) | C11: GDPR:Article-5(1)(f) | D11: Integrity and confidentiality | E11: Principles | F11: Privacy | G11: Information Security Policy
A12: GDPR | B12: Article-5(2) | C12: GDPR:Article-5(2) | D12: Accountability | E12: Principles | F12: Privacy | G12: GDPR Compliance Register
... A432: KSA_PDPL | B432: Article 23 | C432: KSA_PDPL:Article 23 | D432: Health Data Processing | E432: Special Categories & Specific Processing | F432: Privacy | G432: PDPL Manual / Data Protection Policy
A433: KSA_PDPL | B433: Article 24 | C433: KSA_PDPL:Article 24 | D433: Credit Data Processing | E433: Special Categories & Specific Processing | F433: Privacy
A434: KSA_PDPL | B434: Article 25 | C434: KSA_PDPL:Article 25 | D434: Direct Marketing Restrictions | E434: Special Categories & Specific Processing | F434: Privacy | G434: Controller Procedure
A435: KSA_PDPL | B435: Article 26 | C435: KSA_PDPL:Article 26 | D435: Processing for Marketing Purposes | E435: Special Categories & Specific Processing | F435: Privacy | G435: Controller Procedure
A436: KSA_PDPL | B436: Article 27 | C436: KSA_PDPL:Article 27 | D436: Scientific, Research, or Statistical Purposes | E436: Special Categories & Specific Processing | F436: Privacy | G436: Personal Data Collection Policy & Procedure
A437: KSA_PDPL | B437: Article 28 | C437: KSA_PDPL:Article 28 | D437: Official Documents | E437: Special Categories & Specific Processing | F437: Privacy | G437: Personal Data Collection Policy & Procedure
A438: KSA_PDPL | B438: Article 29 | C438: KSA_PDPL:Article 29 | D438: Transfer of Personal Data Outside the Kingdom | E438: Cross-Border Data Transfer | F438: Privacy | G438: Personal Data Transfer Policy & Procedure (including cross border transfer)
A439: KSA_PDPL | B439: Article 30 | C439: KSA_PDPL:Article 30 | D439: Competent Authority & Data Protection Officer | E439: Governance, Oversight & Compliance | F439: Privacy | G439: Privacy Roles, Responsibilities and Authorities; Privacy Awareness Training Material; Third-Party/Vendor Data Privacy Management Policy & Procedure; Third-Party/Vendor Privacy Management Assessment Checklist; Third-Party/Vendor Data Processing Agreement (DPA); Privacy Risk Management Policy & Procedure; Privacy Risk Register; Data Privacy Contract/Agreement Review Checklist; PDPL Manual / Data Protection Policy
A440: KSA_PDPL | B440: Article 31 | C440: KSA_PDPL:Article 31 | D440: Records of Processing Activities (RoPA) | E440: Governance, Oversight & Compliance | F440: Privacy | G440: Privacy Roles, Responsibilities and Authorities; Privacy Risk Register; Record of Processing Activities (RoPA) Policy & Procedure; Record of Processing Activities (RoPA) Template
A441: KSA_PDPL | B441: Article 33 | C441: KSA_PDPL:Article 33 | D441: Licensing and Accreditation | E441: Governance, Oversight & Compliance | F441: Privacy | G441: PDPL Manual / Data Protection Policy
A442: KSA_PDPL | B442: Article 34 | C442: KSA_PDPL:Article 34 | D442: Complaints | E442: Governance, Oversight & Compliance | F442: Privacy | G442: PDPL Manual / Data Protection Policy
A443: KSA_PDPL | B443: Article 35 | C443: KSA_PDPL:Article 35 | D443: Criminal Penalties for Sensitive Data Violations | E443: Penalties & Enforcement | F443: Privacy | G443: PDPL Manual / Data Protection Policy
A444: KSA_PDPL | B444: Article 36 | C444: KSA_PDPL:Article 36 | D444: Administrative Violations and Fines | E444: Penalties & Enforcement | F444: Privacy | G444: PDPL Manual / Data Protection Policy
A445: KSA_PDPL | B445: Article 37 | C445: KSA_PDPL:Article 37 | D445: Inspection and Control Powers | E445: Penalties & Enforcement | F445: Privacy | G445: PDPL Manual / Data Protection Policy
... A503: SOC2 | B503: P8.1 | C503: SOC2:P8.1 | D503: Privacy Complaints and Disputes | E503: P - Privacy | F503: Security | G503: Privacy Grievance Handling Policy; Data Subject Complaint & Dispute Resolution Procedure

Sheet Example_Row
A1: EXAMPLE ONLY - this sheet is NOT imported. Copy the pattern into Risk_Register.
A2: Risk ID (optional - leave blank to auto-generate) | B2: Department * (exact name as in the tool) | C2: Date * (YYYY-MM-DD) | D2: Risk Type * (Security / Privacy / Artificial Intelligence) | E2: Asset Type * | F2: Asset * | G2: Threat | H2: Vulnerability (comma-separated) | I2: Risk Description * | J2: Confidentiality (1-3) (blank = from Asset Type) | K2: Integrity (1-3) (blank = from Asset Type) | L2: Availability (1-3) (blank = from Asset Type) | M2: Likelihood * (1-4) | N2: Existing Controls | O2: Control Reference * (FRAMEWORK:CODE ; FRAMEWORK:CODE) See Control_Reference sheet | P2: Additional Controls * | Q2: Number of Days * (to implement treatment) | R2: Likelihood After Treatment (1-4) | S2: Impact After Treatment (1-3)
B3: IT Infra | C3: 2026-10-07 | D3: Security | E3: Confidential | F3: Customer database | G3: Insider Threat | H3: Weak Access Controls, Excessive Privileges | I3: Insider with excessive privileges could extract customer records. | M3: 3 | N3: Role-based access, quarterly review | O3: ISO27001:A.5.15; ISO27001:A.8.2; SOC2:CC5.1 | P3: Introduce PAM tool and monthly privileged-access review | Q3: 60 | R3: 2 | S3: 2
